id,NAME,host id,host_identity_verified,host name,neighbourhood group,neighbourhood,lat,long,country,country code,instant_bookable,cancellation_policy,room type,Construction year,price,service fee,minimum nights,number of reviews,last review,reviews per month,review rate number,calculated host listings count,availability 365,house_rules,license
37453136,Huge Williamsburg Studio with Private Terrace,5909175860,unconfirmed,Christian,Brooklyn,Williamsburg,40.711909999999996,-73.96584,United States,US,False,strict,Entire home/apt,2012,$693 ,,5,10,2/21/2021,0.28,3,1,0,,
37453688,"NoMo SoHo, Classic King Room",64532531296,verified,NoMo SoHo,Manhattan,SoHo,40.7198,-74.00004,United States,US,False,moderate,Private room,2012,$720 ,,1,13,2/21/2021,0.57,2,9,35,,
37454241,Dylan Hotel NYC - Luxury Double Room,82704281521,verified,Dylan,Manhattan,Midtown,40.752629999999996,-73.97821,United States,US,False,strict,Hotel room,2016,$980 ,,1,14,2/21/2021,0.45,2,5,270,,
37454793,Private Bedroom in Manhattan,55520318829,verified,Sergii & Vlada,Manhattan,Harlem,40.80321,-73.95617,United States,US,False,flexible,Private room,2014,$628 ,,30,1,2/21/2021,0.08,3,9,30,,
37455345,"1br w/full ba,spacious and private",17235672705,verified,Tijana,Brooklyn,Carroll Gardens,40.6835,-74.00168000000001,United States,US,True,flexible,Private room,2014,$819 ,,14,4,2/20/2021,0.09,3,1,0,,
37455898,Chic + Relaxing Vibe + Close to Subway,42045463141,verified,Olivia,Brooklyn,Bedford-Stuyvesant,40.68245,-73.92683000000001,United States,US,False,moderate,Entire home/apt,2020,$166 ,$33 ,30,65,2/20/2021,1.34,2,1,33,,
37456450,Harlem Quiet haven 15 minutes to Time Square !!!!!,91804219925,verified,Ousmane,Manhattan,Harlem,40.8194,-73.93668000000001,United States,US,True,moderate,Private room,2010,"$1,149 ",$230 ,2,94,2/20/2021,2.61,5,1,16,,
37457002,A place where rest and relaxation comes easy,65669663620,unconfirmed,Emanuel,Brooklyn,Cypress Hills,40.68076,-73.88945,United States,US,True,strict,Private room,2021,$475 ,$95 ,1,37,2/20/2021,1.32,4,1,9,,
37457554,"Sexy Bushwick
Your home when away from your place",86192409129,verified,Christian,Brooklyn,Bushwick,40.69269,-73.92278,United States,US,True,strict,Private room,2022,$758 ,$152 ,2,4,2/19/2021,0.11,2,1,90,,
37458107,Brooklyn bohemian haven,92907533542,verified,AnnMarie,Brooklyn,Greenpoint,40.72611,-73.94326,United States,US,False,moderate,Private room,2012,$756 ,$151 ,14,13,2/16/2021,0.16,3,1,0,,
37458659,Spacious Apartment near Columbia Medical,26041184593,unconfirmed,Mel,Manhattan,Washington Heights,40.8512,-73.93835,United States,US,True,flexible,Entire home/apt,2019,$661 ,$132 ,2,73,2/16/2021,1.05,4,1,66,,
37459211,Fun trending Bushwick room with brazilians/love!!!,72204237804,verified,Jo√£o,Brooklyn,Bushwick,40.70339,-73.92858000000001,United States,US,True,strict,Private room,2008,$292 ,$58 ,3,4,2/16/2021,0.13,3,2,0,,
37459764,Large New York Private Room Own Bath Near Midtown,76910463839,verified,Kaz,Queens,Woodside,40.744679999999995,-73.90795,United States,US,True,moderate,Private room,2009,$908 ,$182 ,30,4,2/16/2021,0.19,5,161,364,,
37460316,"Full Parlor Floor‚Äì‚Äìsunny, spacious in Ft. Greene",86047901723,verified,Aaron,Brooklyn,Fort Greene,40.689679999999996,-73.97086999999999,United States,US,True,flexible,Entire home/apt,2007,$626 ,$125 ,25,1,2/16/2021,0.07,2,1,0,,
37460868,"Sutter GardenNY, 1st Private Apt! 3mil from JFK",38180919915,unconfirmed,Thihira,Queens,South Ozone Park,40.67244,-73.79154,United States,US,True,strict,Entire home/apt,2017,"$1,155 ",$231 ,2,8,2/15/2021,0.36,2,2,0,,
37461421,"Your Home In The Heart Of Bedstuy, Brooklyn!",6539559375,verified,Lawrence,Brooklyn,Bedford-Stuyvesant,40.68205,-73.92514,United States,US,False,moderate,Entire home/apt,2021,"$1,136 ",$227 ,1,38,2/15/2021,1.13,4,1,0,,
37461973,New York getaway,67920116932,verified,Vladimir,Queens,Fresh Meadows,40.74261,-73.78616,United States,US,True,flexible,Entire home/apt,2005,$99 ,$20 ,1,2,2/15/2021,0.14,3,1,323,,
37462525,Cozy studio in FORT GREENE/NAVYYARD,73441812174,verified,Fabio,Brooklyn,Fort Greene,40.695890000000006,-73.97285,United States,US,False,flexible,Entire home/apt,2007,$217 ,$43 ,3,5,2/15/2021,0.21,3,1,0,,
37463077,Maple Place,98239604019,verified,Hongye,Queens,Far Rockaway,40.59894,-73.75657,United States,US,True,flexible,Private room,2022,$408 ,$82 ,1,19,2/15/2021,0.84,3,1,264,,
37463630,The Paul Hotel Luxury - Chelsea / NoMad,9494815605,verified,Vk,Manhattan,Midtown,40.74537,-73.98814,United States,US,True,moderate,Private room,2018,$310 ,$62 ,1,4,2/15/2021,0.23,2,26,123,,
37464182,Studio in beautiful Upper West Side,63056187625,unconfirmed,John-Luke,Manhattan,Upper West Side,40.790240000000004,-73.97878,United States,US,True,moderate,Entire home/apt,2022,$459 ,$92 ,1,1,2/15/2021,0.07,2,2,0,,
37464734,Prime Brooklyn Townhouse with two story ‚Äúman cave‚Äù,97926748148,unconfirmed,Kyle,Brooklyn,Greenpoint,40.73256,-73.95475,United States,US,False,strict,Entire home/apt,2020,$277 ,$55 ,3,2,2/15/2021,0.14,3,1,0,,
37465287,Clean & Cozy 1BR Apt - Perfect for SOLO Traveler,25288866607,unconfirmed,Shara,Manhattan,Washington Heights,40.8319,-73.94157,United States,US,True,moderate,Entire home/apt,2009,$498 ,$100 ,2,1,2/15/2021,0.08,4,1,60,,
37465839,JFK/QNS Home Away From Home Full private apartment,89763499311,verified,Suzan,Queens,Jamaica,40.671620000000004,-73.77911,United States,US,True,moderate,Entire home/apt,2006,$590 ,$118 ,1,5,2/14/2021,0.11,4,6,88,,
37466391,"NoMo SoHo, Premium Queen Room",34122013738,verified,NoMo SoHo,Manhattan,SoHo,40.71915,-74.00078,United States,US,False,flexible,Private room,2004,"$1,062 ",$212 ,1,47,2/14/2021,1.85,5,9,37,,
37466944,Nolita 1 Bedroom Apartment,50754037670,unconfirmed,Ernie,Manhattan,NoHo,40.7248,-73.99364,United States,US,True,strict,Entire home/apt,2004,"$1,156 ",$231 ,4,14,2/14/2021,0.47,2,1,0,,
37467496,Luxury Studio Apt in East Brooklyn,59175323828,verified,Najuma,Brooklyn,Brownsville,40.65753,-73.9071,United States,US,False,flexible,Entire home/apt,2003,$721 ,$144 ,3,4,2/14/2021,0.24,5,1,84,,
37468048,Brooklyn Escape,24503556715,verified,Shaya,Brooklyn,Borough Park,40.6097,-73.97336999999999,United States,US,True,flexible,Entire home/apt,2021,$999 ,$200 ,2,17,2/14/2021,0.88,4,2,0,,
37468600,Extra large and quiet room in a creative nest,54528557815,unconfirmed,Lionel,Brooklyn,Bedford-Stuyvesant,40.68704,-73.9458,United States,US,False,moderate,Private room,2015,,$105 ,30,2,2/14/2021,0.13,3,9,33,,
37469153,Private Room w/ a backyard close to the City,15075490672,verified,Jose,Queens,East Elmhurst,40.75785,-73.8986,United States,US,False,moderate,Private room,2013,,$189 ,1,1,2/14/2021,0.08,3,1,90,,
37469705,"Sunny, Spacious, Jungle Oasis",42358494600,verified,Sammie,Manhattan,East Village,40.7249,-73.98510999999999,United States,US,True,moderate,Entire home/apt,2016,,$139 ,7,16,2/12/2021,0.48,3,1,0,,
37470257,Wall St | Wally St Room + Manhattan,29036478999,unconfirmed,Jose,Manhattan,Financial District,40.70621,-74.00793,United States,US,False,strict,Private room,2012,,$15 ,30,3,2/12/2021,0.14,2,5,15,,
37470810,"Private apt, charming, safe, near Prospect Park",74394038635,verified,Mary,Brooklyn,Windsor Terrace,40.65609,-73.97936,United States,US,False,strict,Entire home/apt,2012,,$185 ,30,1,2/12/2021,0.08,2,6,64,,
37471362,Private room airy modern,86710782907,verified,Travis,Brooklyn,Bedford-Stuyvesant,40.68079,-73.93777,United States,US,False,flexible,Private room,2015,,$25 ,1,1,2/12/2021,0.08,4,3,171,,
37471914,Stylish Apt in Heart of Ft. Greene,16546620512,unconfirmed,Amy,Brooklyn,Fort Greene,40.6877,-73.97491,United States,US,False,moderate,Entire home/apt,2014,,$152 ,14,7,2/11/2021,0.08,2,1,129,,
37472467,Artsy Small 2 Bedroom PRIME EAST VILLAGE LOCATION,44256290375,unconfirmed,Karen,Manhattan,East Village,40.73165,-73.98435,United States,US,True,strict,Entire home/apt,2017,,$226 ,8,8,2/11/2021,0.12,3,2,291,,
37473019,Guest suite in owner-occupied private residence,94208214050,verified,Martin,Brooklyn,Bushwick,40.69977,-73.92233,United States,US,True,flexible,Entire home/apt,2020,,$88 ,2,96,2/11/2021,1.46,3,1,0,,
37473571,Nice 1bedroom Next to Prospect Park,24474611048,verified,Sr,Brooklyn,Prospect-Lefferts Gardens,40.65675,-73.96077,United States,US,True,strict,Entire home/apt,2003,,$129 ,30,12,2/11/2021,0.37,4,1,0,,
37474123,Near the station! Easy apartment in woodside,85415541445,verified,Shogo,Queens,Woodside,40.74788,-73.89816,United States,US,True,flexible,Private room,2004,,$204 ,30,1,2/11/2021,0.08,5,125,54,,
37474676,Sunny Jr 1-Bedroom in Midtown Manhattan,54142658810,verified,Christiane,Manhattan,Kips Bay,40.744170000000004,-73.97847,United States,US,True,flexible,Entire home/apt,2009,$879 ,$176 ,5,7,2/10/2021,0.12,3,1,0,,
37475228,Designer's Bright Spacious Home w/ Rooftop Oasis,68436824449,verified,Rachel,Brooklyn,Carroll Gardens,40.68492,-73.99004000000001,United States,US,True,strict,Entire home/apt,2013,"$1,031 ",$206 ,30,4,2/9/2021,0.23,4,1,0,,
37475780,Clean Room in Bayside Flushing Queens,74848514102,unconfirmed,Simon,Queens,Flushing,40.77414,-73.8017,United States,US,True,flexible,Private room,2005,$599 ,$120 ,1,2,2/9/2021,0.13,2,1,0,,
37476333,Two bedroom fully furnished apt.,2390993447,verified,Charlayne,Brooklyn,Flatlands,40.61942,-73.92315,United States,US,False,moderate,Entire home/apt,2016,"$1,044 ",$209 ,30,12,2/8/2021,0.15,2,1,222,,
37476885,"Clean, Comfortable One Bedroom on the Upper East Side",1561191310,unconfirmed,Ken,Manhattan,Upper East Side,40.77118,-73.95841999999999,United States,US,True,moderate,Entire home/apt,2022,$723 ,$145 ,30,3,2/8/2021,0.06,3,86,226,,
37477437,Fabulous Loft Studio in Gramercy,82083541361,verified,Jed,Manhattan,Gramercy,40.734809999999996,-73.98422,United States,US,True,flexible,Entire home/apt,2004,$811 ,$162 ,5,103,2/7/2021,1.12,5,1,0,,
37477990,"2BR2BA apartment, PRIVATE Bathroom, Subway 3min",82937476925,unconfirmed,Hiroki,Queens,Elmhurst,40.74066,-73.87758000000001,United States,US,True,flexible,Private room,2003,$542 ,$108 ,30,5,2/7/2021,0.14,2,152,0,,
37478542,Bright Private BR in Fort Greene Cumberland,40176113100,unconfirmed,Alex And Vlada,Brooklyn,Fort Greene,40.69555,-73.97549000000001,United States,US,False,strict,Private room,2013,$62 ,$12 ,30,1,2/7/2021,0.08,5,8,249,,
37479094,ENTIRE APARTMENT ESCAPE IN BUSHWICK,54159519225,unconfirmed,Ali,Brooklyn,Bushwick,40.69429,-73.92215,United States,US,True,flexible,Entire home/apt,2017,$994 ,$199 ,1,4,2/7/2021,0.27,2,1,68,,
37479646,Calling dog lovers to share space in modern loft!,65784044430,verified,Jane,Brooklyn,Prospect Heights,40.679320000000004,-73.96481999999999,United States,US,True,strict,Private room,2008,$414 ,$83 ,3,1,2/7/2021,0.07,5,1,0,,
37480199,"Affordable  one bedroom,  2 blocks from subway",2676237097,verified,Ramiro,Brooklyn,Williamsburg,40.709070000000004,-73.96202,United States,US,True,flexible,Entire home/apt,2018,$300 ,$60 ,30,17,2/6/2021,1.0,2,4,181,,
37480751,Modern apartment in the heart of Harlem.,81096598807,unconfirmed,Ysaunny,Manhattan,Harlem,40.82206,-73.94447,United States,US,False,moderate,Entire home/apt,2005,$313 ,$63 ,30,4,2/6/2021,0.26,2,1,0,,
37481303,5 Subway take you to Manhattan : With PRIVATE Bath,21372008350,unconfirmed,Hiroki,Queens,Woodside,40.74463,-73.89448,United States,US,False,flexible,Private room,2011,"$1,091 ",$218 ,30,2,2/5/2021,0.1,2,152,30,,
37481856,Amplio y luminoso apartamento en New York,50537380627,verified,Nadia,Queens,Briarwood,40.70854,-73.81475999999999,United States,US,True,flexible,Entire home/apt,2004,$449 ,$90 ,30,1,2/5/2021,0.07,4,1,0,,
37482408,Trendy 3 Bedroom 3 Bathroom,72280337566,verified,Kristina & Jack,Queens,Ridgewood,40.70058,-73.90373000000001,United States,US,True,flexible,Entire home/apt,2005,$542 ,$108 ,30,1,2/5/2021,0.08,5,24,365,,
37482960,"Central Park, Museum Mile & Subway in #1 Location!",80552497748,verified,Laila,Manhattan,Upper East Side,40.77176,-73.95438,United States,US,False,flexible,Entire home/apt,2014,$188 ,$38 ,30,7,2/4/2021,0.13,2,5,274,,
37483513,Clean and Sunny room near Midtown Manhattan,42864755848,unconfirmed,K,Queens,Astoria,40.75809,-73.92618,United States,US,False,moderate,Private room,2016,$395 ,$79 ,30,158,2/3/2021,2.36,2,2,0,,
37484065,Studio Apt. in East Williamsburg,66489133352,unconfirmed,Guillermo,Brooklyn,Williamsburg,40.70943,-73.94011,United States,US,False,flexible,Entire home/apt,2015,"$1,173 ",$235 ,30,241,2/2/2021,2.45,3,1,219,,
37484617,Beautiful room / Brooklyn !!,87902641975,unconfirmed,Ana,Brooklyn,Crown Heights,40.66401,-73.93436,United States,US,True,strict,Private room,2018,$174 ,$35 ,30,1,2/2/2021,0.08,5,11,294,,
37485169,Luxury 2-bed Condo / Outdoor Stone Terrace,39777980293,verified,Christina,Brooklyn,Sunset Park,40.637,-74.01144000000001,United States,US,False,moderate,Private room,2011,$417 ,$83 ,30,10,2/1/2021,0.13,4,1,363,,
37485722,East Williamsburg / Bushwick loft,54047748963,verified,Adam,Brooklyn,Williamsburg,40.70492,-73.93637,United States,US,False,strict,Entire home/apt,2005,$600 ,$120 ,10,19,2/1/2021,0.29,3,1,0,,
37486274,Private Parkside Room,18037515780,unconfirmed,Shean,Brooklyn,Flatbush,40.65228,-73.96059,United States,US,False,strict,Private room,2017,$141 ,$28 ,3,38,2/1/2021,0.66,3,1,34,,
37486826,Cozy PRIVATE APARTMENT - heart of East Village,51321640722,unconfirmed,Luna,Manhattan,East Village,40.72595,-73.9859,United States,US,True,strict,Entire home/apt,2017,$436 ,$87 ,5,31,2/1/2021,0.53,2,1,0,,
37487379,XLarge/Quiet ClintonHill 2 Bdr - Long Stay Welcome,90540372695,verified,Magali,Brooklyn,Bedford-Stuyvesant,40.68623,-73.95773,United States,US,True,moderate,Entire home/apt,2021,$269 ,$54 ,20,9,2/1/2021,0.19,4,1,25,,
37487931,New(2019) Renovated bath & 30-40 min to Manhattan,14980949623,unconfirmed,Hiroki,Queens,Elmhurst,40.744890000000005,-73.87291,United States,US,False,strict,Private room,2007,"$1,137 ",,30,1,2/1/2021,0.07,3,152,0,,
37488483,"PRIVATE BATH, PRIVATE ROOM AND PRIVATE ENTRANCE",88883797472,verified,Nicholas,Brooklyn,Gravesend,40.59616,-73.97537,United States,US,False,strict,Private room,2019,$434 ,,3,52,2/1/2021,1.37,2,3,218,,
37489036,"Private room in Woodside, 1 min to 7 train 61 St station and LIRR",12616729447,unconfirmed,Kaz,Queens,Woodside,40.74423,-73.902,United States,US,True,moderate,Private room,2015,"$1,150 ",,30,3,2/1/2021,0.17,5,161,315,,
37489588,Large Studio in the heart of East Village,3764553217,unconfirmed,Marian,Manhattan,East Village,40.729240000000004,-73.98443,United States,US,False,flexible,Entire home/apt,2007,$707 ,,30,2,2/1/2021,0.07,5,1,0,,
37490140,Good location‚ô™ 2min from station! 5Lines u can use,85004340034,unconfirmed,Hiroki,Queens,Woodside,40.74455,-73.89191,United States,US,True,strict,Private room,2016,$914 ,,30,1,2/1/2021,0.07,2,152,0,,
37490692,Columbia University Park View Studio!,50843186201,verified,Georgia,Manhattan,Morningside Heights,40.80365,-73.95949,United States,US,False,flexible,Entire home/apt,2010,$682 ,,30,2,2/1/2021,0.12,2,7,216,,
37491245,Beautiful Guest House For Couples Near JFK and LGA,31332530505,unconfirmed,Federico,Queens,Glendale,40.69553,-73.8982,United States,US,False,moderate,Entire home/apt,2013,$373 ,,1,17,2/1/2021,1.02,3,1,0,,
37491797,Spacious One-Bedroom Apartment,25659417177,verified,Gabi,Brooklyn,Borough Park,40.64308,-73.99623000000001,United States,US,False,strict,Entire home/apt,2020,$325 ,,30,1,2/1/2021,0.07,5,1,0,,
37492349,Home AwayFrom Home!,38272911976,verified,Maria,Queens,Flushing,40.73022,-73.81201,United States,US,True,moderate,Entire home/apt,2008,"$1,187 ",,3,1,2/1/2021,0.08,4,1,365,,
37492902,Nice Room Empire State building (2),5920257966,unconfirmed,Serra,Manhattan,Murray Hill,40.74793,-73.98017,United States,US,False,moderate,Private room,2019,$502 ,,30,7,1/31/2021,0.07,2,2,288,,
37493454,Room in My Apt. Rego Park Queens NY,19149226605,verified,King,Queens,Rego Park,40.724509999999995,-73.85828000000001,United States,US,True,strict,Private room,2009,"$1,139 ",,4,84,1/31/2021,0.81,2,1,3,,
37494006,Williamsburg 1 bedroom appartement,44836974095,unconfirmed,Lara,Brooklyn,Williamsburg,40.72172,-73.96155,United States,US,True,strict,Entire home/apt,2014,$284 ,,30,26,1/31/2021,0.28,2,1,188,,
37494559,"Safe, Quiet and Bright near Subways has 2 beds",13621517173,verified,Michael,Manhattan,Chelsea,40.74857,-73.99708000000001,United States,US,False,flexible,Entire home/apt,2003,$293 ,,75,17,1/31/2021,0.19,2,20,276,,
37495111,Grand Central/UN/Langone. Lrg Rm Vu's. Own1/2 Bath,8623078100,unconfirmed,Burton,Manhattan,Kips Bay,40.74476,-73.97837,United States,US,True,strict,Private room,2014,$144 ,,20,16,1/31/2021,0.18,4,2,0,,
37495663,"Large, Bright & Airy 2BR Loft in ‚ù§Ô∏èof Williamsburg",58766533881,verified,Randall,Brooklyn,Williamsburg,40.715540000000004,-73.95433,United States,US,True,strict,Entire home/apt,2016,$302 ,$60 ,30,31,1/31/2021,0.37,4,1,94,,
37496215,"Sunny 1BR near Central Park, Columbia University",3678763043,verified,Sebastian,Manhattan,Harlem,40.80366,-73.9578,United States,US,True,strict,Entire home/apt,2005,$804 ,$161 ,90,2,1/31/2021,0.03,2,1,185,,
37496768,Sunny and Warm Brooklyn Apartment near Trains,83309858043,unconfirmed,Lynsey,Brooklyn,Bedford-Stuyvesant,40.694829999999996,-73.94566999999999,United States,US,True,flexible,Entire home/apt,2012,$118 ,$24 ,30,11,1/31/2021,0.19,2,1,0,,
37497320,Harlem Condo TWO Full Bedrooms w/ Balcony,67561263967,unconfirmed,Mukaram,Manhattan,East Harlem,40.8022,-73.93767,United States,US,False,flexible,Entire home/apt,2010,$425 ,$85 ,30,43,1/31/2021,0.85,2,3,212,,
37497872,Relaxing place for recharge energy,57930321700,unconfirmed,Paula,Manhattan,Midtown,40.74693,-73.98284,United States,US,False,strict,Private room,2004,$396 ,$79 ,6,59,1/31/2021,1.7,4,1,4,,
37498425,Light & Airy home 1 minute to subway,8842008629,unconfirmed,Ting Yi,Brooklyn,Bushwick,40.68722,-73.91426,United States,US,False,moderate,Entire home/apt,2017,$809 ,$162 ,3,59,1/31/2021,1.56,5,2,4,,
37498977,Private bedroom in the heart of Bushwick,67133310892,verified,Sergii And Vlada,Brooklyn,Bushwick,40.70048,-73.91977,United States,US,True,flexible,Private room,2011,$405 ,$81 ,35,3,1/31/2021,0.08,3,8,303,,
37499529,Private Room Cozy Home in Harlem,54640137043,verified,Nicole,Manhattan,Harlem,40.82264,-73.95076,United States,US,False,flexible,Private room,2003,"$1,092 ",$218 ,90,11,1/31/2021,0.34,5,1,0,,
37500082,"Modern 3 BR, 2 BATH Triplex (Washer/Dryer)",66205911437,verified,Caroline,Brooklyn,Bedford-Stuyvesant,40.68697,-73.9476,United States,US,True,moderate,Entire home/apt,2016,$175 ,$35 ,2,36,1/31/2021,1.07,2,1,0,,
37500634,"Manhattan Charm, Brooklyn Price!",54453380283,unconfirmed,K,Brooklyn,Bedford-Stuyvesant,40.69441,-73.94682,United States,US,True,flexible,Private room,2004,$544 ,$109 ,2,24,1/31/2021,0.79,5,2,35,,
37501186,Dakota Room at Incentra Village Guest House,69085013542,unconfirmed,Incentra Village Guest House,Manhattan,West Village,40.73757,-74.00316,United States,US,True,strict,Hotel room,2011,"$1,172 ",$234 ,1,5,1/31/2021,0.17,2,12,334,,
37501738,Live Today For Today,94612426321,verified,Katy,Bronx,Throgs Neck,40.81819,-73.82111,United States,US,False,flexible,Entire home/apt,2011,$579 ,$116 ,1,47,1/31/2021,1.62,4,1,0,,
37502291,Surrounded by Cafe/Restaurant/Bar : 2020 New Floor,56796159780,unconfirmed,Shogo,Queens,Astoria,40.760040000000004,-73.91748,United States,US,True,moderate,Private room,2007,"$1,161 ",$232 ,30,1,1/31/2021,0.07,3,125,0,,
37502843,2BR1BA apartment: access to G & A&E subway line,82537631490,verified,Momoyo,Brooklyn,Bedford-Stuyvesant,40.68842,-73.95128000000001,United States,US,True,moderate,Private room,2021,"$1,199 ",$240 ,30,1,1/31/2021,0.08,4,126,37,,
37503395,Luxury 1 Bedroom Apartment w/ Gym and Rooftop,52556792709,verified,Ari,Brooklyn,Bedford-Stuyvesant,40.67698,-73.90833,United States,US,True,strict,Entire home/apt,2018,$324 ,$65 ,1,14,1/31/2021,0.74,2,1,0,,
37503948,Popping Harlem Getaway Location Near Everything,17732511847,unconfirmed,Asaad,Manhattan,Harlem,40.80964,-73.94230999999999,United States,US,False,moderate,Private room,2003,"$1,183 ",$237 ,3,3,1/31/2021,0.16,5,3,0,,
37504500,Great location in Woodside Queens NY,10174033576,unconfirmed,Danny,Queens,Woodside,40.74372,-73.89966,United States,US,True,moderate,Private room,2004,$311 ,$62 ,3,5,1/31/2021,0.26,5,1,0,,
37505052,Ball on a Budget in BK!,31752890547,verified,Quana,Brooklyn,Bedford-Stuyvesant,40.68013,-73.90593,United States,US,True,moderate,Entire home/apt,2003,"$1,073 ",$215 ,2,6,1/31/2021,0.33,4,1,155,,
37505605,Plant-filled Brooklyn Brownstone Apartment,40522475518,verified,Liz,Brooklyn,Bedford-Stuyvesant,40.69575,-73.94872,United States,US,False,flexible,Entire home/apt,2009,"$1,046 ",$209 ,14,3,1/31/2021,0.18,5,1,0,,
37506157,"Long term stay Queens Hospital, SJU, 30 mins NYC",25129844805,verified,Deborah,Queens,Jamaica Hills,40.71557,-73.7978,United States,US,False,moderate,Private room,2019,"$1,080 ",$216 ,30,1,1/31/2021,0.08,3,3,88,,
37506709,Studio near Great Croissant and Brunch  Spots,74157785280,verified,John-Luke,Manhattan,Upper West Side,40.78843,-73.9806,United States,US,True,strict,Entire home/apt,2008,$422 ,$84 ,6,4,1/31/2021,0.25,4,2,0,,
37507261,Penthouse + private terrace by Prospect Park -#145,23349829229,verified,Eugene,Brooklyn,Prospect-Lefferts Gardens,40.6596,-73.95333000000001,United States,US,False,strict,Private room,2014,$932 ,$186 ,30,1,1/31/2021,0.08,4,218,216,,
37507814,Splendid NYC studio apartment,33645372055,verified,Stanley,Manhattan,Murray Hill,40.75033,-73.97603000000001,United States,US,True,flexible,Entire home/apt,2005,$982 ,$196 ,30,1,1/31/2021,0.08,4,83,365,,
37508366,Studio Room w/ Private Bathroom near Prospect Park,11895305395,verified,Sonam,Brooklyn,Flatbush,40.64575,-73.96211,United States,US,False,flexible,Private room,2012,"$1,189 ",$238 ,5,2,1/31/2021,0.13,3,1,0,,
37508918,Large bedroom in 2 bed apartment w private outdoor,502543415,verified,Alina,Brooklyn,Williamsburg,40.71638,-73.95088,United States,US,False,flexible,Private room,2010,$313 ,$63 ,13,1,1/31/2021,0.07,4,3,0,,
37509471,Luxurious 1 bed in midtown close to NYU,56519165924,unconfirmed,Hila,Manhattan,Kips Bay,40.74301,-73.97372,United States,US,False,strict,Entire home/apt,2020,$710 ,$142 ,30,1,1/31/2021,0.08,4,16,248,,
37510023,Bedroom for 2 in 1896 townhouse,50369995948,unconfirmed,Brooke,Brooklyn,Fort Greene,40.69766,-73.9708,United States,US,False,moderate,Private room,2011,"$1,019 ",$204 ,2,31,1/30/2021,0.3,2,1,247,,
37510575,Stunning Sublet Red Hook Garden Loft,11248461082,verified,Tim,Brooklyn,Red Hook,40.67863,-74.01086,United States,US,True,flexible,Entire home/apt,2008,$430 ,$86 ,30,2,1/30/2021,0.07,4,1,79,,
37511128,30min‚û°Ô∏éLGA  New&Clean Apt with Cozy Terrace Space,42387926575,unconfirmed,Momoyo,Queens,Elmhurst,40.74064,-73.87626,United States,US,True,flexible,Private room,2014,$145 ,$29 ,30,5,1/30/2021,0.14,2,126,31,,
37511680,Bedroom private bath 1 min to Times Sq and grocery,8868613608,unconfirmed,Suphichaya,Manhattan,Hell's Kitchen,40.76135,-73.98821,United States,US,True,moderate,Private room,2004,$79 ,$16 ,6,7,1/30/2021,0.3,3,2,0,,
37512232,Live in Harlem close to Columbia U!,18165357654,verified,Mekkie,Manhattan,Harlem,40.80433,-73.958,United States,US,True,moderate,Private room,2015,,$71 ,2,13,1/29/2021,0.16,5,2,7,,
37512784,"Beautiful, cozy, Penthouse Studio in Astoria/LIC",21160163067,verified,Cris,Queens,Astoria,40.77042,-73.92613,United States,US,False,strict,Entire home/apt,2006,,$94 ,1,26,1/29/2021,0.6,4,1,0,,
37513337,Modern designed room near B/C train,98520132069,verified,Sergii & Vlada,Manhattan,Harlem,40.80519,-73.95619,United States,US,True,flexible,Private room,2013,,$148 ,30,1,1/29/2021,0.07,5,9,338,,
37513889,"1 Brd Apt, Active Area, 1 Train Stop From  NYC.",74735291718,verified,Evans,Brooklyn,Williamsburg,40.72002,-73.95869,United States,US,True,moderate,Private room,2016,,$176 ,1,1,1/29/2021,0.07,3,2,0,,
37514441,Grand Brooklyn Experience!,6538783653,verified,Victor,Brooklyn,Crown Heights,40.66662,-73.92851999999999,United States,US,False,flexible,Private room,2021,,$108 ,5,1,1/28/2021,0.07,2,2,0,,
37514994,Entire 2 bedroom apt in the heart of East Village,7190746660,unconfirmed,Marios,Manhattan,East Village,40.72691,-73.97867,United States,US,True,flexible,Entire home/apt,2004,,$108 ,99,48,1/27/2021,1.54,5,4,232,,
37515546,Smile Ridgewood ‚Äî Bedroom + Private Living Room!,95987727411,unconfirmed,Zach,Queens,Ridgewood,40.70324,-73.9034,United States,US,True,flexible,Private room,2008,,$239 ,5,9,1/27/2021,0.34,3,1,44,,
37516098,Good location‚ô™ 2min from station! 5Lines u can use,48489800023,unconfirmed,Soya,Queens,Woodside,40.74494,-73.89335,United States,US,True,flexible,Private room,2006,,$121 ,7,1,1/27/2021,0.07,4,171,0,,
37516651,"Modern, Designer 1 bedroom prime Brooklyn location",50602815111,verified,Robert,Brooklyn,Clinton Hill,40.68213,-73.96168,United States,US,False,strict,Entire home/apt,2016,,$170 ,10,1,1/26/2021,0.07,4,1,0,,
37517203,Bright & Modern Studio in Chelsea,57870341295,unconfirmed,Maya,Manhattan,Chelsea,40.73928,-74.00099,United States,US,False,flexible,Entire home/apt,2018,,$111 ,30,2,1/26/2021,0.12,3,2,0,,
37517755,Manhattan Studio Apartment: 2 Adults $125,40364333053,verified,Judith,Manhattan,East Harlem,40.7904,-73.94896,United States,US,True,strict,Entire home/apt,2019,,$229 ,2,137,1/25/2021,1.23,3,1,63,,
37518307,Cozy 2BR apartment,10700524214,verified,Verena,Queens,Richmond Hill,40.700540000000004,-73.82785,United States,US,True,flexible,Entire home/apt,2003,$380 ,$76 ,5,16,1/25/2021,0.18,5,3,63,,
37518860,Free parking.Next to Train B/D/4 Hospital & Campus,74908233077,verified,Dean,Bronx,Fordham,40.86091,-73.90002,United States,US,True,strict,Private room,2019,$420 ,$84 ,30,6,1/25/2021,0.2,2,1,0,,
37519412,Cozy room 15 mins to Manhattan on the 7 train.,78676677783,unconfirmed,Luis,Queens,Sunnyside,40.74325,-73.91425,United States,US,False,flexible,Private room,2008,$594 ,$119 ,1,1,1/25/2021,0.07,4,1,180,,
37519964,Clever 1BR near Broadway w/ Indoor pool + Gym by Blueground,58398584635,unconfirmed,Blueground,Manhattan,Theater District,40.760760999999995,-73.98610699999999,United States,US,False,moderate,Entire home/apt,2003,"$1,021 ",$204 ,30,3,1/24/2021,0.14,5,332,338,,
37520517,1 private bedroom available in an apartment,72553768793,verified,Olaoye,Brooklyn,Brownsville,40.659,-73.91211,United States,US,False,flexible,Private room,2022,$209 ,$42 ,1,62,1/24/2021,2.26,5,2,158,,
37521069,"‚ú®Clean‚ú® Elevator,  Parks, Metro, Chill Roomate üå≥üöäüåÜ",13502068891,verified,Jeff,Manhattan,Harlem,40.8027,-73.9575,United States,US,False,moderate,Private room,2005,"$1,011 ",$202 ,6,9,1/24/2021,0.34,4,4,22,,
37521621,Private room apartment in Jacksonheights,78020036770,verified,Momoyo,Queens,Jackson Heights,40.752559999999995,-73.87827,United States,US,True,flexible,Private room,2017,$954 ,$191 ,30,1,1/24/2021,0.07,2,126,54,,
37522174,"""2 bed with private outdoor space in Williamsburg""",34867691440,unconfirmed,Scott,Brooklyn,Williamsburg,40.71154,-73.94945,United States,US,True,strict,Entire home/apt,2016,"$1,030 ",$206 ,2,1,1/24/2021,0.07,3,1,0,,
37522726,Private room,87372141688,verified,Emine,Brooklyn,Gravesend,40.60693,-73.96776,United States,US,False,flexible,Private room,2013,$578 ,$116 ,2,1,1/24/2021,0.07,2,1,364,,
37523278,Comfortable Small Room with wifi,9115819054,unconfirmed,Anita,Brooklyn,Prospect-Lefferts Gardens,40.66172,-73.94564,United States,US,False,moderate,Private room,2021,$924 ,$185 ,5,68,1/23/2021,0.98,5,5,154,,
37523830,"Upper East Side Two Bedroom in Lovely Yorkville, Upper East Side",4818911342,verified,Ken,Manhattan,Upper East Side,40.77503,-73.94938,United States,US,False,strict,Entire home/apt,2022,$595 ,$119 ,30,1,1/23/2021,0.07,4,86,298,,
37524383,Sanabria‚Äôs house,45136252047,unconfirmed,Edwin,Brooklyn,Bushwick,40.69454,-73.92209,United States,US,True,moderate,Private room,2020,"$1,019 ",$204 ,1,1,1/23/2021,0.07,3,1,0,,
37524935,2 Bedrooms Apartment close to CENTRAL PARK,20885277534,verified,Cristian,Manhattan,Upper West Side,40.80066,-73.96048,United States,US,True,moderate,Entire home/apt,2015,$260 ,$52 ,1,2,1/22/2021,0.08,2,3,17,,
37525487,INVITING BRIGHT & STYLISH STUDIO,25102763093,verified,Stephon,Brooklyn,Bedford-Stuyvesant,40.6823,-73.93911,United States,US,False,moderate,Entire home/apt,2005,"$1,073 ",$215 ,2,40,1/21/2021,0.72,5,1,0,,
37526040,Bedroom One In Private House Near JFK Airport,24827583149,unconfirmed,Cando,Queens,South Ozone Park,40.67194,-73.79526,United States,US,True,moderate,Private room,2015,$983 ,$197 ,30,132,1/20/2021,3.21,5,3,84,,
37526592,Perfect Summer-in-NYC Long Term Stay in Brooklyn,97409746778,verified,Ethan,Brooklyn,Sunset Park,40.64366,-74.02152,United States,US,False,strict,Entire home/apt,2021,$659 ,$132 ,28,4,1/20/2021,0.1,2,1,94,,
37527144,Access to Both N/W & M/R Line :Small Cozy room,64155151674,verified,Soya,Queens,Astoria,40.75997,-73.91701,United States,US,True,flexible,Private room,2011,"$1,168 ",$234 ,30,2,1/20/2021,0.12,2,171,30,,
37527697,"Spacious, Bright Apartment in Sweet Sunnyside",47785727038,verified,Annie,Queens,Sunnyside,40.73855,-73.92374000000001,United States,US,True,moderate,Entire home/apt,2004,$799 ,$160 ,1,5,1/20/2021,0.26,5,1,0,,
37528249,"Bright Sutton Place 2BR w/ Pool, Gym, near Central Park, by Blueground",61667701835,verified,Blueground,Manhattan,Midtown,40.760436999999996,-73.968521,United States,US,False,moderate,Entire home/apt,2022,$691 ,$138 ,30,1,1/20/2021,0.07,2,332,302,,
37528801,Private space in Nolita,63717538129,verified,Loc,Manhattan,Nolita,40.72197,-73.99611999999999,United States,US,True,flexible,Private room,2014,$108 ,$22 ,1,1,1/20/2021,0.07,5,1,0,,
37529353,"Entire apt, sparkling clean, renovated cozy One BD",6335389490,verified,Tania,Brooklyn,Gowanus,40.67788,-73.98326999999999,United States,US,True,moderate,Entire home/apt,2014,$930 ,$186 ,30,29,1/19/2021,0.31,5,1,0,,
37529906,Beautiful house in the heart of Williamsburg,12660123753,verified,Julia,Brooklyn,Williamsburg,40.717,-73.95144,United States,US,False,moderate,Entire home/apt,2010,"$1,019 ",$204 ,30,135,1/19/2021,1.9,2,1,54,,
37530458,Sunny Williamsburg Loft ‚òÄÔ∏è,32954251428,unconfirmed,Jamis,Brooklyn,Williamsburg,40.71072,-73.9611,United States,US,True,flexible,Entire home/apt,2020,$312 ,$62 ,4,14,1/19/2021,0.35,3,1,0,,
37531010,Modern Private  Bedroom Renovation 2020,50009500410,verified,Kristina,Brooklyn,Bedford-Stuyvesant,40.68875,-73.94249,United States,US,False,moderate,Private room,2012,$760 ,$152 ,30,2,1/19/2021,0.13,2,13,365,,
37531563,New Bushwick Condo with Mid Century Style,77415859097,unconfirmed,Monique,Brooklyn,Bushwick,40.69793,-73.92945,United States,US,False,flexible,Entire home/apt,2004,$307 ,$61 ,7,2,1/18/2021,0.07,5,1,0,,
37532115,"Smart Midtown 1BR w/ Pool, Roof Deck, Gym, nr. Broadway, by Blueground",1727019127,verified,Blueground,Manhattan,Theater District,40.760760999999995,-73.98610699999999,United States,US,True,moderate,Entire home/apt,2012,$404 ,$81 ,30,1,1/18/2021,0.07,3,332,300,,
37532667,"Small & cosy true 1-bedrm, safe area UES Manhattan",18052235659,unconfirmed,Natalia,Manhattan,Upper East Side,40.761520000000004,-73.95966999999999,United States,US,True,flexible,Entire home/apt,2012,$347 ,$69 ,30,4,1/18/2021,0.21,5,1,0,,
37533220,Brooklyn Garden Apartment,14782404436,verified,James And Laureta,Brooklyn,Bedford-Stuyvesant,40.684870000000004,-73.95445,United States,US,True,flexible,Entire home/apt,2019,$783 ,$157 ,1,17,1/18/2021,0.89,2,7,0,,
37533772,Individual Cubicle Room in NYC/not shared/just you,91858545994,verified,Alex And Zeena,Manhattan,Chelsea,40.74864,-73.99564000000001,United States,US,True,strict,Private room,2004,$227 ,$45 ,1,190,1/17/2021,2.57,5,10,168,,
37534324,Hidden Treasure (2.0) | Studio Apartment,67197929384,unconfirmed,Yemi,Brooklyn,Brownsville,40.66514,-73.91696999999999,United States,US,True,flexible,Entire home/apt,2006,$927 ,$185 ,2,61,1/17/2021,0.8,4,3,247,,
37534876,Cozy private room in Hamilton Heights in Manhattan,52796808513,verified,Erykah,Manhattan,Harlem,40.82615,-73.94447,United States,US,True,flexible,Private room,2009,$559 ,$112 ,1,19,1/17/2021,0.34,3,2,0,,
37535429,Brooklyn Private room in Ridgewood # 1,67697090364,verified,John,Queens,Ridgewood,40.70422,-73.90071,United States,US,False,strict,Private room,2019,$792 ,$158 ,2,7,1/17/2021,0.37,2,3,73,,
37535981,"Luxury UWS 1 Bed w/ Gym, Laundry, Rooftop #6128",95686709039,unconfirmed,MyNyHousing,Manhattan,Upper West Side,40.790859999999995,-73.97214,United States,US,False,moderate,Entire home/apt,2016,$263 ,$53 ,30,6,1/17/2021,0.19,5,48,278,,
37536533,Location is 30 minutes from New York city.,51007921233,verified,Liu Ying,Queens,Glendale,40.70325,-73.88016,United States,US,True,flexible,Entire home/apt,2018,$837 ,$167 ,1,84,1/17/2021,2.77,4,2,22,,
37537086,Castle By The Airport,13685506428,verified,Clive,Queens,Springfield Gardens,40.663109999999996,-73.76066,United States,US,True,moderate,Entire home/apt,2006,"$1,196 ",$239 ,7,5,1/17/2021,0.19,5,1,269,,
37537638,"Great big room in Brooklyn, big space",55549227110,verified,Patrick,Brooklyn,Cypress Hills,40.68546,-73.87385,United States,US,True,moderate,Private room,2022,$120 ,$24 ,1,4,1/17/2021,0.25,5,4,4,,
37538190,Riverside Charm with Fire Place,8879392066,unconfirmed,Kai,Manhattan,Upper West Side,40.78073,-73.98564,United States,US,True,flexible,Entire home/apt,2019,$736 ,$147 ,30,61,1/16/2021,0.51,5,1,281,,
37538743,"Ideal Kips Bay 1BR w/ Doorman, Elevator, Gym, by Blueground",80832323346,verified,Blueground,Manhattan,Kips Bay,40.741096,-73.978249,United States,US,False,flexible,Entire home/apt,2006,"$1,160 ",$232 ,30,1,1/16/2021,0.07,2,332,277,,
37539295,"super clean, Sanitized and large private room # 1",7048050939,verified,Raz,Brooklyn,Williamsburg,40.70707,-73.9382,United States,US,False,moderate,Private room,2006,"$1,008 ",$202 ,1,71,1/15/2021,2.29,4,3,0,,
37539847,Manhattan Home Base,83382717875,unconfirmed,Richard,Manhattan,Upper West Side,40.79683,-73.97012,United States,US,True,flexible,Private room,2009,$283 ,$57 ,1,7,1/15/2021,0.25,4,1,0,,
37540399,Large Room in Trendy Bushwick - 4,83221633333,unconfirmed,Anthony,Brooklyn,Bushwick,40.686479999999996,-73.9155,United States,US,True,moderate,Private room,2006,"$1,172 ",$234 ,30,1,1/15/2021,0.07,4,24,306,,
37540952,Nice room in Huge apartment,6198140116,verified,Lionel,Brooklyn,Bedford-Stuyvesant,40.68698,-73.94375,United States,US,False,flexible,Private room,2019,$452 ,$90 ,30,1,1/14/2021,0.07,3,9,271,,
37541504,Historic classic central gay Village clean NYU,32118087580,unconfirmed,Mike,Manhattan,West Village,40.7364,-73.99834,United States,US,False,strict,Entire home/apt,2016,$143 ,$29 ,30,67,1/13/2021,0.52,2,2,81,,
37542056,Family brownstone with backyard  (2 week minimum),8628334920,verified,Peter,Brooklyn,Clinton Hill,40.68823,-73.96406,United States,US,False,strict,Entire home/apt,2015,$435 ,$87 ,10,7,1/13/2021,0.13,4,1,37,,
37542609,Carroll Gardens 1 -Bedroom Apartment,90892432691,verified,Casey,Brooklyn,Carroll Gardens,40.681740000000005,-73.99714,United States,US,True,flexible,Entire home/apt,2009,$295 ,$59 ,7,2,1/13/2021,0.13,3,1,0,,
37543161,üåøMoonlight Suiteüåæ green shared yogi palace aptü¶é,44309760784,unconfirmed,Haffro,Manhattan,East Village,40.72119,-73.98283,United States,US,True,flexible,Private room,2015,$526 ,$105 ,1,14,1/12/2021,0.42,3,8,113,,
37543713,Lovely Private BR in Fort Greene Cumberland,17242126303,verified,Alex And Vlada,Brooklyn,Fort Greene,40.6978,-73.97431999999999,United States,US,False,strict,Private room,2010,$625 ,$125 ,30,2,1/12/2021,0.13,4,8,267,,
37544266,ROOM (A),52628190203,unconfirmed,Sammy,Queens,Flushing,40.72423,-73.80877,United States,US,False,moderate,Private room,2012,$875 ,$175 ,1,6,1/11/2021,0.21,2,3,0,,
37544818,Great room in Brooklyn!!,9376139626,unconfirmed,Ana,Brooklyn,Crown Heights,40.6657,-73.93233000000001,United States,US,False,strict,Private room,2010,$555 ,$111 ,30,1,1/11/2021,0.07,4,11,294,,
37545370,West Village one bedroom,30508145981,unconfirmed,Eniko,Manhattan,West Village,40.73339,-74.00586,United States,US,False,moderate,Entire home/apt,2011,$510 ,$102 ,30,8,1/10/2021,0.25,2,1,0,,
37545922,"West Village, Gorgeous Private Bedroom & Bathroom",68488416000,unconfirmed,Hannah,Manhattan,West Village,40.7329,-74.0015,United States,US,False,strict,Private room,2019,$296 ,$59 ,30,1,1/10/2021,0.07,5,7,63,,
37546475,Shared Room For Cool Low Maintenance People #1,2402239362,unconfirmed,Amy,Brooklyn,Bushwick,40.68821,-73.91051999999999,United States,US,False,moderate,Shared room,2018,$351 ,$70 ,5,19,1/10/2021,0.65,5,9,69,,
37547027,Sunny Room w workspace available!,55550954849,verified,Mireille,Manhattan,Midtown,40.75802,-73.9688,United States,US,True,moderate,Private room,2009,$553 ,$111 ,5,8,1/10/2021,0.37,3,2,0,,
37547579,MG Comfortable Room in Brooklyn,75639623938,verified,Aline,Brooklyn,Bedford-Stuyvesant,40.68493,-73.93864,United States,US,False,flexible,Private room,2008,$397 ,$79 ,1,2,1/10/2021,0.12,5,3,0,,
37548132,Studio Production Event Space,16142212686,verified,Tomika,Brooklyn,Greenpoint,40.73089,-73.94986999999999,United States,US,True,strict,Private room,2022,"$1,053 ",$211 ,1,1,1/10/2021,0.07,2,1,365,,
37548684,Come stay in our AMAZING Williamsburg loft!,6549337628,verified,Dominique,Brooklyn,Williamsburg,40.71359,-73.94289,United States,US,True,moderate,Entire home/apt,2004,$426 ,$85 ,5,1,1/10/2021,0.07,2,1,0,,
37549236,1-bedroom with amazing views of NYC,86723901565,unconfirmed,Marc,Manhattan,Hell's Kitchen,40.76331,-73.99722,United States,US,True,moderate,Entire home/apt,2020,$416 ,$83 ,30,1,1/10/2021,0.07,3,1,61,,
37549789,Stylish Brooklyn Loft w/ Terrace (30 Nights Min.),88814797415,unconfirmed,Naz,Brooklyn,Red Hook,40.67759,-74.00764000000001,United States,US,False,moderate,Entire home/apt,2004,$324 ,$65 ,30,34,1/9/2021,0.79,4,2,5,,
37550341,Big Bedroom in Manhattan with an Artist,31420999334,verified,Este,Manhattan,Harlem,40.82922,-73.94129000000001,United States,US,True,flexible,Private room,2006,$152 ,$30 ,30,33,1/9/2021,0.42,4,3,0,,
37550893,Beautiful Brooklyn 1 bedroom apartment,19778572385,unconfirmed,Cemi,Brooklyn,Bedford-Stuyvesant,40.68951,-73.95218,United States,US,False,moderate,Entire home/apt,2014,$453 ,$91 ,30,29,1/9/2021,0.6,4,1,0,,
37551445,Garden Suite at Incentra Village Guest House,14988598540,verified,Incentra Village Guest House,Manhattan,West Village,40.736709999999995,-74.0054,United States,US,True,strict,Hotel room,2008,"$1,063 ",$213 ,1,3,1/9/2021,0.11,5,12,312,,
37551998,MG Room Next to the Subway,34519067978,verified,Aline,Brooklyn,Bedford-Stuyvesant,40.683659999999996,-73.93714,United States,US,True,strict,Private room,2017,$388 ,$78 ,1,5,1/9/2021,0.29,3,3,0,,
37552550,NY Queens Penthouse HOME with Patio,31290090599,unconfirmed,Iris,Queens,Kew Gardens,40.70836,-73.83026,United States,US,True,strict,Entire home/apt,2004,$287 ,$57 ,30,5,1/8/2021,0.12,4,4,277,,
37553102,Lovely 1-Bedroom on Riverside Drive near Columbia,52729721947,unconfirmed,Mona,Manhattan,Harlem,40.83314,-73.95026999999999,United States,US,False,flexible,Entire home/apt,2018,$554 ,$111 ,28,13,1/8/2021,0.19,2,1,246,,
37553655,521 West 48th-2 bedroom Apartment in Midtown West,85485957129,unconfirmed,Jeniffer,Manhattan,Hell's Kitchen,40.764109999999995,-73.99371,United States,US,True,moderate,Entire home/apt,2018,$962 ,$192 ,30,11,1/8/2021,0.19,4,186,183,,
37554207,Sunny and cozy private room,11347922202,unconfirmed,Diego,Queens,Ridgewood,40.70947,-73.91203,United States,US,False,strict,Private room,2011,$741 ,$148 ,2,1,1/8/2021,0.07,4,3,336,,
37554759,"2 Twin Beds in My living Room, NextDoor Subway",20979330003,verified,Cornelius,Brooklyn,Bedford-Stuyvesant,40.68783,-73.95921,United States,US,False,strict,Shared room,2022,$757 ,$151 ,1,1,1/8/2021,0.07,2,1,0,,
37555312,Roomy 1BR near Broadway w/ Indoor pool + Doorman by Blueground,70352033029,verified,Blueground,Manhattan,Theater District,40.760760999999995,-73.98610699999999,United States,US,False,strict,Entire home/apt,2012,$399 ,$80 ,30,1,1/7/2021,0.07,4,332,331,,
37555864,Ê∞ëÂÆøÂ•óÊàø. Áç®Á´ãÂá∫ÂÖ•.Â∏ÉÈ≤ÅÂÖãÊûóÂå∫,75554433402,unconfirmed,Harry,Brooklyn,Gravesend,40.58793,-73.98866,United States,US,False,moderate,Entire home/apt,2015,$173 ,$35 ,30,6,1/7/2021,0.21,5,1,6,,
37556416,A Dream! Luxury 3 Bedroom Apt,24169265856,unconfirmed,Olga,Brooklyn,Sheepshead Bay,40.60883,-73.94803,United States,US,True,flexible,Entire home/apt,2010,$241 ,$48 ,30,10,1/5/2021,0.11,2,3,324,,
37556968,Bright & Sunny 2-Bed - Bushwick/Bed-Stuy Border!,59814454317,unconfirmed,Ben,Brooklyn,Bedford-Stuyvesant,40.68717,-73.92003000000001,United States,US,True,strict,Entire home/apt,2008,"$1,019 ",$204 ,364,52,1/5/2021,1.28,4,2,197,,
37557521,"Comfy Studio Apartment with lots of light, rooftop",17091043770,verified,Brian,Manhattan,Washington Heights,40.84472,-73.93731,United States,US,True,strict,Entire home/apt,2012,$425 ,$85 ,3,6,1/5/2021,0.38,4,1,0,,
37558073,Harlem apartment,73486294221,unconfirmed,Ronny,Manhattan,Harlem,40.82082,-73.95322,United States,US,True,strict,Entire home/apt,2003,$159 ,$32 ,15,1,1/5/2021,0.07,3,4,4,,
37558625,Luxurious 1 Bedroom Best Location,89893728825,unconfirmed,Stay With Vibe,Manhattan,Kips Bay,40.74095,-73.98108,United States,US,True,strict,Entire home/apt,2022,$700 ,$140 ,30,11,1/4/2021,0.19,5,108,64,,
37559178,19min to Manhattan & Safe Neighborhood&PrivateRoom,16527777558,verified,Takatomo,Queens,Sunnyside,40.73814,-73.92729,United States,US,False,strict,Private room,2004,$869 ,$174 ,30,4,1/4/2021,0.14,3,17,0,,
37559730,Mid-Century Modern Studio in the Heart of Astoria,65420966137,verified,Jillian,Queens,Astoria,40.76405,-73.91456,United States,US,True,strict,Entire home/apt,2007,$244 ,$49 ,3,3,1/4/2021,0.15,5,1,0,,
37560282,Prime Location! Central Park. 2 Bedrooms Apt.,36474094870,verified,Daia,Manhattan,Midtown,40.76654,-73.97906,United States,US,False,strict,Entire home/apt,2019,$361 ,$72 ,90,1,1/4/2021,0.07,4,25,201,,
37560835,Oƒìlea - Private room in the heart of Williamsburg.,68503025726,unconfirmed,Ivan,Brooklyn,Williamsburg,40.71265,-73.96539,United States,US,True,flexible,Private room,2019,"$1,191 ",$238 ,4,1,1/4/2021,0.07,4,1,0,,
37561387,Fantastic midtown apartment,72946456000,unconfirmed,Stanley,Manhattan,Murray Hill,40.74981,-73.97524,United States,US,True,moderate,Entire home/apt,2018,$420 ,$84 ,30,1,1/4/2021,0.07,5,83,365,,
37561939,Yankee stadium Single room overlooking Backyard,54394194835,unconfirmed,Genae,Bronx,Concourse Village,40.83178,-73.91816999999999,United States,US,False,moderate,Private room,2017,"$1,171 ",$234 ,3,25,1/3/2021,0.27,5,4,185,,
37562491,Clean and Sunny Williamsburg Loft,77448158195,verified,Luke,Brooklyn,Williamsburg,40.7133,-73.96059,United States,US,False,strict,Entire home/apt,2003,$346 ,$69 ,30,14,1/3/2021,0.17,2,1,338,,
37563044,The Reading Room: a curated luxury experience,2724562733,verified,Ian,Manhattan,Harlem,40.81256,-73.9378,United States,US,False,flexible,Entire home/apt,2012,$762 ,$152 ,3,18,1/3/2021,0.38,3,1,0,,
37563596,"Cool, clean and confortable 1 bedroom in Bushwick",6234622685,verified,Santiago,Brooklyn,Bushwick,40.702940000000005,-73.92383000000001,United States,US,True,moderate,Entire home/apt,2012,$70 ,$14 ,30,7,1/3/2021,0.2,4,1,0,,
37564148,Waterfront property with Gym and Pool with parks,30491433546,verified,Nesly,Brooklyn,Canarsie,40.63922,-73.89573,United States,US,True,moderate,Entire home/apt,2015,"$1,083 ",$217 ,14,1,1/3/2021,0.07,5,1,0,,
37564701,Cute room close to Manhattan.,84101714353,verified,Diana,Queens,Astoria,40.75993,-73.90933000000001,United States,US,True,strict,Private room,2018,$55 ,$11 ,1,17,1/3/2021,0.62,4,2,0,,
37565253,"Cozy basement apartment, three bedroom, parking",67847701071,verified,Omar,Bronx,Baychester,40.87677,-73.84553000000001,United States,US,True,flexible,Entire home/apt,2020,$346 ,$69 ,2,2,1/3/2021,0.13,5,1,153,,
37565805,MG Nice Room to Stay in NYC Brooklyn,69060211722,unconfirmed,Aline,Brooklyn,Bedford-Stuyvesant,40.68505,-73.9379,United States,US,False,moderate,Private room,2009,$128 ,$26 ,1,8,1/3/2021,0.48,3,3,0,,
37566358,Beautiful Sunlit Studio with Garden Views,12503303915,verified,Daniel,Manhattan,Harlem,40.823640000000005,-73.94775,United States,US,True,flexible,Entire home/apt,2004,$737 ,$147 ,3,2,1/3/2021,0.13,3,1,0,,
37566910,Studio apartment  2BR Renovated 2020‚ô™ House@Queens,75465733367,verified,Hiroki,Queens,Woodside,40.74113,-73.89287,United States,US,False,moderate,Entire home/apt,2010,$62 ,$12 ,1,1,1/3/2021,0.07,4,152,0,,
37567462,NYC Weekend Getaway in the Upper East Side,10954461747,verified,Sean,Manhattan,Upper East Side,40.76863,-73.95786,United States,US,False,flexible,Private room,2007,$651 ,$130 ,1,3,1/3/2021,0.19,5,1,0,,
37568014,YOUR HARLEM HOME AWAY FROM HOME,26953639264,unconfirmed,Barbara,Manhattan,Harlem,40.827459999999995,-73.9488,United States,US,True,flexible,Entire home/apt,2012,$155 ,$31 ,1,211,1/2/2021,1.95,3,1,0,,
37568567,Beautiful Home Away From Home!,46160797310,verified,Ravanna,Brooklyn,Bedford-Stuyvesant,40.68489,-73.95340999999999,United States,US,True,moderate,Entire home/apt,2004,$584 ,$117 ,120,251,1/2/2021,2.48,4,2,63,,
37569119,"Queen Room w/ Memory Foam, In-room TV and Rooftop",50815789564,unconfirmed,Christine,Manhattan,East Village,40.72177,-73.98316,United States,US,False,moderate,Private room,2003,$757 ,$151 ,2,14,1/2/2021,0.22,2,1,0,,
37569671,Sweet Spot In Manhattan NYC!,85090035090,verified,Lee,Manhattan,Harlem,40.81555,-73.94704,United States,US,True,flexible,Entire home/apt,2013,$937 ,$187 ,3,82,1/2/2021,1.72,3,1,0,,
37570224,"The Evelyn, Deluxe Double Double",79526858138,unconfirmed,The Evelyn Hotel,Manhattan,Midtown,40.7451,-73.9876,United States,US,False,flexible,Private room,2021,$210 ,$42 ,1,1,1/2/2021,0.07,3,6,25,,
37570776,"Corner Unit - Floor to Ceiling Windows, 360¬∞ Views",49976464245,unconfirmed,Davina,Manhattan,Chelsea,40.75063,-73.99223,United States,US,False,flexible,Entire home/apt,2013,"$1,144 ",$229 ,2,1,1/2/2021,0.07,4,1,0,,
37571328,Brooklyn walk-up,83582443022,verified,Nela,Brooklyn,Bath Beach,40.60495,-74.01262,United States,US,True,strict,Entire home/apt,2011,$991 ,$198 ,30,1,1/2/2021,0.07,2,1,92,,
37571881,New York City Gramercy Manhattan 1000 sq foot 1BR,69202598312,verified,Sam,Manhattan,Stuyvesant Town,40.733059999999995,-73.97855,United States,US,False,strict,Entire home/apt,2012,$750 ,$150 ,14,2,1/2/2021,0.1,5,1,0,,
37572433,Spacious Designer Loft with Outdoor Covered Patio,64164359391,verified,Abby,Manhattan,Chelsea,40.74098,-74.00115,United States,US,True,strict,Entire home/apt,2011,$665 ,$133 ,30,1,1/2/2021,0.07,2,1,83,,
37572985,"Great 1 Br Apt, Ozone Park, NYC",40827739078,unconfirmed,Kumar,Queens,Ozone Park,40.678670000000004,-73.84136,United States,US,False,flexible,Entire home/apt,2004,$567 ,$113 ,4,134,1/1/2021,1.4,3,1,247,,
37573537,Williamsburg + private patio garden,80566683242,verified,Matt,Brooklyn,Williamsburg,40.70824,-73.94681,United States,US,True,strict,Entire home/apt,2005,$733 ,$147 ,9,19,1/1/2021,0.21,3,1,0,,
37574090,The Classy Madison Ave Apt,87734070518,unconfirmed,Stay With Vibe,Manhattan,Upper East Side,40.7835,-73.95484,United States,US,False,flexible,Entire home/apt,2015,$610 ,$122 ,30,5,1/1/2021,0.08,4,108,63,,
37574642,"#1 Spacious Cozy Room, 30 minutes from Manhattan",27640084384,unconfirmed,Anastasia,Brooklyn,Cypress Hills,40.68739,-73.87037,United States,US,True,strict,Private room,2008,$879 ,$176 ,30,48,1/1/2021,0.86,4,6,172,,
37575194,Indoor Pool NYC,33079836904,unconfirmed,Journey,Queens,Jamaica Estates,40.71888,-73.78828,United States,US,True,moderate,Entire home/apt,2019,$937 ,$187 ,1,1,1/1/2021,0.07,4,3,291,,
37575747,Small Full Sized Bedroom in Historic Manhattan,47040599847,verified,James,Manhattan,Harlem,40.8238,-73.93884,United States,US,True,flexible,Private room,2004,$89 ,$18 ,30,4,1/1/2021,0.12,5,1,0,,
37576299,FULL HOUSE with garden next to 2/5 trains,73930457694,unconfirmed,Sergios & Fani,Brooklyn,East Flatbush,40.64387,-73.94475,United States,US,True,moderate,Entire home/apt,2015,$803 ,$161 ,30,3,1/1/2021,0.1,4,1,224,,
37576851,Beautiful Shared Room | Luxurious Apt,80355296508,verified,SharedEasy,Brooklyn,Bedford-Stuyvesant,40.67964,-73.94336,United States,US,False,flexible,Shared room,2006,$326 ,$65 ,30,3,1/1/2021,0.13,2,8,288,,
37577404,"Nesva Hotel, Twin Standard",88770300468,verified,Nesva Hotel,Queens,Long Island City,40.75331,-73.93500999999999,United States,US,True,moderate,Hotel room,2006,$157 ,$31 ,1,9,1/1/2021,0.29,5,13,0,,
37577956,Manhattan 2-Bed Apt. Perfect for long safe stay,26153316121,unconfirmed,Tony,Manhattan,East Village,40.72719,-73.98548000000001,United States,US,False,strict,Entire home/apt,2008,$913 ,$183 ,30,1,1/1/2021,0.07,4,1,0,,
37578508,Entire apt- Sunny and greenful apt in Williamsburg,3025934071,verified,Gili,Brooklyn,Williamsburg,40.71883,-73.95061,United States,US,False,strict,Entire home/apt,2003,$317 ,$63 ,4,2,1/1/2021,0.12,2,1,0,,
37579060,AMAZING PRIVATE room located in the HEART of TS !,75957089580,unconfirmed,Millennium Premier,Manhattan,Theater District,40.75775,-73.98331999999999,United States,US,False,moderate,Private room,2020,$359 ,$72 ,1,1,1/1/2021,0.07,3,6,99,,
37579613,AMAZING Times Square Room/ 44th St./ Broadway,7377392299,verified,Millennium Premier,Manhattan,Theater District,40.75812,-73.98463000000001,United States,US,True,moderate,Private room,2018,$583 ,$117 ,1,1,1/1/2021,0.07,2,6,1,,
37580165,SPACIOUS & LUXURIOUS room/ Broadway/ Times Square,16846889336,verified,Millennium Premier,Manhattan,Theater District,40.756,-73.98543000000001,United States,US,False,flexible,Private room,2007,$411 ,$82 ,1,1,1/1/2021,0.07,5,6,8,,
37580717,Stylish East Village Flat,84592587876,unconfirmed,Simone,Manhattan,Stuyvesant Town,40.73125,-73.9811,United States,US,True,moderate,Entire home/apt,2006,$226 ,$45 ,30,22,12/31/2020,0.17,3,1,168,,
37581270,Spacious sunny room in Queens,73644165830,verified,Crispy,Queens,Maspeth,40.73382,-73.89301999999999,United States,US,True,moderate,Private room,2004,"$1,199 ",$240 ,31,39,12/31/2020,0.72,3,3,63,,
37581822,20-25 minutes to downtown NYC/30-40 to midtown,79987833229,unconfirmed,Alan,Brooklyn,Bushwick,40.697959999999995,-73.93486999999999,United States,US,True,strict,Private room,2022,$635 ,$127 ,30,93,12/31/2020,1.42,5,3,76,,
37582374,Dip Your Toe in Clean and Comfortable Soho,90573561281,verified,Daniel,Manhattan,SoHo,40.72766,-74.00243,United States,US,False,flexible,Entire home/apt,2019,$812 ,$162 ,45,15,12/31/2020,0.51,5,1,194,,
37582927,Sun Drenched Sanctuary w/ roof access Upper W M,1867570510,unconfirmed,Adrienne,Manhattan,Washington Heights,40.85143,-73.93746999999999,United States,US,False,flexible,Private room,2017,"$1,100 ",$220 ,3,21,12/31/2020,0.38,3,2,3,,
37583479,Large private room that just feels right -#111,59049345406,verified,Eugene,Brooklyn,Flatbush,40.64956,-73.95461,United States,US,False,flexible,Private room,2013,$101 ,$20 ,90,2,12/31/2020,0.12,5,218,277,,
37584031,1BR Apartment close to Prospect Park,12701118059,verified,Marni,Brooklyn,South Slope,40.66106,-73.98634,United States,US,False,flexible,Entire home/apt,2012,$898 ,$180 ,30,15,12/31/2020,0.38,2,1,0,,
37584583,Oceanfront Eastchester Bay New York,843885380,verified,Carmine Pio,Bronx,Throgs Neck,40.827490000000004,-73.81481,United States,US,True,moderate,Entire home/apt,2020,"$1,004 ",$201 ,30,14,12/31/2020,0.5,3,1,365,,
37585136,"Comfy, Clean, Entire Studio Apt w/ patio in SOHO",35969218639,verified,Gary,Manhattan,SoHo,40.72052,-73.99802,United States,US,True,moderate,Entire home/apt,2004,"$1,080 ",$216 ,3,29,12/31/2020,1.11,4,1,0,,
37585688,"Easy Access to Manhattan, Great size for 2 people",3322251462,verified,Soya,Queens,Woodside,40.7413,-73.89567,United States,US,False,flexible,Private room,2006,$763 ,$153 ,30,1,12/31/2020,0.07,3,171,31,,
37586240,"Doorman 24/7, Bedroom only steps to Times Square.",65383405280,unconfirmed,Suphichaya,Manhattan,Theater District,40.75935,-73.98796999999999,United States,US,False,moderate,Private room,2010,$109 ,$22 ,333,4,12/31/2020,0.2,2,2,180,,
37586793,Brooklyn Rest,79304940554,verified,Shaya,Brooklyn,Bensonhurst,40.608959999999996,-73.97332,United States,US,False,moderate,Private room,2016,"$1,055 ",$211 ,1,8,12/31/2020,0.42,2,2,0,,
37587345,Best Harlem Location,65164131336,unconfirmed,Asaad,Manhattan,Harlem,40.80984,-73.94402,United States,US,False,moderate,Private room,2003,$318 ,$64 ,30,1,12/31/2020,0.07,4,3,0,,
37587897,"Outdoor terrace, next to prospect park -#8",4637855727,unconfirmed,Eugene,Brooklyn,Park Slope,40.66938,-73.98165,United States,US,False,moderate,Private room,2006,$656 ,$131 ,90,1,12/31/2020,0.07,3,218,338,,
37588450,Cozy up in Brooklyn in this Big comfy stylish Apt,85883279579,unconfirmed,Tori,Brooklyn,Bedford-Stuyvesant,40.678470000000004,-73.94888,United States,US,True,strict,Private room,2006,$439 ,$88 ,14,1,12/31/2020,0.07,3,4,0,,
37589002,Dreamy belltower room in huge loft,30063881673,unconfirmed,John,Brooklyn,Bedford-Stuyvesant,40.69885,-73.93885,United States,US,False,strict,Private room,2015,$422 ,$84 ,30,18,12/30/2020,0.21,2,1,0,,
37589554,The place,625902669,unconfirmed,Marko,Brooklyn,Prospect-Lefferts Gardens,40.656420000000004,-73.95761999999999,United States,US,True,flexible,Private room,2015,$136 ,$27 ,30,8,12/30/2020,0.16,5,1,0,,
37590106,NYC Hideaway Urban Suite,21970130030,unconfirmed,Christopher,Bronx,Pelham Bay,40.85496,-73.82958,United States,US,True,strict,Entire home/apt,2021,"$1,151 ",$230 ,2,5,12/30/2020,0.12,4,3,149,,
37590659,Stylish Apartment: close to all!,29385692217,unconfirmed,Dee,Queens,Flushing,40.752359999999996,-73.78657,United States,US,False,strict,Entire home/apt,2015,$771 ,$154 ,8,16,12/30/2020,0.46,4,10,57,,
37591211,2BD Mid-Century Union Sq Brownstone/ Gramercy Park,12386725133,verified,It,Manhattan,Gramercy,40.734809999999996,-73.98745,United States,US,False,moderate,Entire home/apt,2007,$357 ,$71 ,30,15,12/30/2020,0.53,3,1,0,,
37591763,Spacious Room w/ Ensuite in LES,69315005939,unconfirmed,Clara,Manhattan,Chinatown,40.715109999999996,-73.99293,United States,US,True,flexible,Private room,2017,"$1,137 ",$227 ,5,4,12/30/2020,0.14,3,1,0,,
37592316,"Apartment in Tribeca, NYC Panoramic VIEWS~",79224515870,unconfirmed,Ev,Manhattan,Tribeca,40.721,-74.00971,United States,US,False,flexible,Entire home/apt,2018,$555 ,$111 ,30,13,12/29/2020,0.45,3,1,348,,
37592868,2 Bd/1 Bath Apartment Upper East Side NYC,67164806914,verified,Geoffrey,Manhattan,Upper East Side,40.765209999999996,-73.95913,United States,US,True,moderate,Entire home/apt,2018,$242 ,$48 ,30,13,12/29/2020,0.22,3,2,0,,
37593420,"Museum B & B  Apt 2R Garden View Manhattan, NYC",13456520642,unconfirmed,George,Manhattan,Washington Heights,40.835370000000005,-73.93892,United States,US,True,moderate,Entire home/apt,2022,$698 ,$140 ,30,6,12/29/2020,0.19,3,3,270,,
37593973,"Airy, Spacious 1BR Blocks from Prospect Park!",44156894124,verified,Allison,Brooklyn,Flatbush,40.65316,-73.96038,United States,US,False,flexible,Entire home/apt,2011,$891 ,$178 ,30,14,12/29/2020,0.29,3,1,0,,
37594525,Pat's Place2,96808940133,verified,Patricia,Queens,Bayside,40.77285,-73.78196,United States,US,False,moderate,Private room,2003,$229 ,$46 ,30,52,12/29/2020,1.51,2,3,0,,
37595077,Single Bedroom in Safe Serviced Apt,4916100883,verified,SharedEasy,Brooklyn,Bedford-Stuyvesant,40.68074,-73.94436999999999,United States,US,True,moderate,Private room,2015,$975 ,$195 ,30,3,12/29/2020,0.14,3,8,163,,
37595629,"Bright Sutton Place 2BR w/ Gym, near Rockefeller Plaza, by Blueground",59913507223,verified,Blueground,Manhattan,Midtown,40.760436999999996,-73.968521,United States,US,True,flexible,Entire home/apt,2022,$629 ,$126 ,30,1,12/29/2020,0.07,3,332,300,,
37596182,Special one bedroom in midtown Manhattan,91225277878,unconfirmed,Stanley,Manhattan,Murray Hill,40.750370000000004,-73.9775,United States,US,False,flexible,Entire home/apt,2005,$448 ,$90 ,30,4,12/28/2020,0.08,5,83,365,,
37596734,Walk to Subway‚òÖ15min to Manhattan‚òÖMin. to LGA/JFK,57847516244,verified,Smart,Queens,Ditmars Steinway,40.77097,-73.91265,United States,US,True,strict,Entire home/apt,2012,"$1,073 ",$215 ,30,10,12/28/2020,0.28,5,1,180,,
37597286,Fantastic Apartment in Financial District,76702319485,verified,Marc,Manhattan,Financial District,40.70604,-74.00925,United States,US,False,flexible,Entire home/apt,2003,$762 ,$152 ,5,2,12/28/2020,0.12,5,1,0,,
37597839,Cozy Apt Located in the Heart of Williamsburg,71514417412,verified,Maggie,Brooklyn,Williamsburg,40.71155,-73.96531999999999,United States,US,True,strict,Entire home/apt,2006,$697 ,$139 ,2,7,12/28/2020,0.43,2,1,0,,
37598391,3 Bed Private Room w/ Pvt Bathroom,30339523978,verified,Ny Moore Hostel,Brooklyn,Williamsburg,40.70518,-73.9372,United States,US,True,strict,Private room,2021,$171 ,$34 ,1,2,12/27/2020,0.02,3,1,185,,
37598943,30 Minutes to Manhattan / Sleeps 7,38501025537,unconfirmed,Moe,Brooklyn,Bensonhurst,40.61266,-74.0011,United States,US,False,flexible,Entire home/apt,2008,$703 ,$141 ,30,235,12/27/2020,2.9,4,1,338,,
37599496,"2BR Apartment in Ridgewood, 20min to Manhattan",6857914541,verified,Robin,Queens,Ridgewood,40.70417,-73.9036,United States,US,False,moderate,Entire home/apt,2006,$206 ,$41 ,30,39,12/27/2020,0.95,2,1,26,,
37600048,Quiet private spacious studio 1 bedroom in Midwood,13900557253,unconfirmed,Dan,Brooklyn,Midwood,40.6167,-73.96067,United States,US,False,strict,Entire home/apt,2017,$730 ,$146 ,20,2,12/27/2020,0.06,4,2,0,,
37600600,Wellington Hotel,56241484516,unconfirmed,Wellington Hotel,Manhattan,Midtown,40.76448,-73.98055,United States,US,False,flexible,Hotel room,2021,$734 ,$147 ,1,9,12/27/2020,0.53,4,1,0,,
37601152,One Bedroom in Historic Brooklyn Brownstone,67655721149,verified,Fletcher,Brooklyn,Bedford-Stuyvesant,40.69523,-73.94026,United States,US,True,strict,Entire home/apt,2006,"$1,060 ",$212 ,3,2,12/27/2020,0.12,5,1,0,,
37601705,"Modern, Clean 1BR Rooftop & Gym in Williamsburg",24559578245,verified,Daniel,Brooklyn,Williamsburg,40.71906,-73.94246,United States,US,True,moderate,Entire home/apt,2022,$522 ,$104 ,30,124,12/26/2020,2.19,4,1,0,,
37602257,Charming beautiful one bed Apt UES,61475597694,verified,Lu,Manhattan,Upper East Side,40.77841,-73.94633,United States,US,False,strict,Entire home/apt,2013,$753 ,$151 ,5,1,12/26/2020,0.07,5,1,0,,
37602809,The Bitcoin Townhouse- NEW 6 Bedroom with Patio,39289679900,verified,Kay,Brooklyn,Kensington,40.63779,-73.97239,United States,US,False,flexible,Entire home/apt,2017,"$1,004 ",$201 ,1,79,12/26/2020,3.45,4,7,123,,
37603362,"Prime location, Renovated,Inspiring",25542224318,unconfirmed,Elena,Manhattan,Upper East Side,40.76389,-73.96536,United States,US,False,strict,Entire home/apt,2010,"$1,005 ",$201 ,30,166,12/25/2020,2.13,4,1,88,,
37603914,Beautiful Apartment- Available December,93815686609,unconfirmed,Blanca,Brooklyn,Clinton Hill,40.68582,-73.96609000000001,United States,US,True,flexible,Entire home/apt,2017,$524 ,$105 ,7,7,12/25/2020,0.11,5,2,79,,
37604466,Clean Bklyn Studio Apt Near Brooklyn College,21961089278,verified,Shovonte,Brooklyn,East Flatbush,40.63775,-73.94435,United States,US,False,strict,Entire home/apt,2018,$298 ,$60 ,2,13,12/25/2020,0.5,3,1,0,,
37605019,Private bathroom  New apartment in Bushwick 2020,58595637118,unconfirmed,Soya,Brooklyn,Bushwick,40.68736,-73.91384000000001,United States,US,True,moderate,Private room,2011,$313 ,$63 ,1,4,12/25/2020,0.25,4,171,0,,
37605571,The coziest studio in the heart of the Village,62191286356,unconfirmed,Marina,Manhattan,Greenwich Village,40.73035,-73.99925999999999,United States,US,True,flexible,Entire home/apt,2006,$403 ,$81 ,25,1,12/25/2020,0.06,4,1,0,,
37606123,Clean white room with 3 windows and TV,96581286435,unconfirmed,Rodrigo,Queens,Astoria,40.75512,-73.91447,United States,US,True,moderate,Private room,2006,$734 ,$147 ,2,4,12/25/2020,0.25,2,1,356,,
37606675,Nice and safe ROOM near LGA/Manhattan,20841862959,unconfirmed,Ivette,Queens,Jackson Heights,40.74937,-73.87767,United States,US,False,strict,Private room,2009,$712 ,$142 ,365,2,12/25/2020,0.13,3,1,0,,
37607228,"25-38 mins to Tms Sq!! 15 mins LGA, 20mins JFK! C",81605913708,verified,Lotay,Queens,Jackson Heights,40.75242,-73.86965,United States,US,True,strict,Entire home/apt,2016,$698 ,$140 ,30,30,12/24/2020,0.9,5,3,0,,
37607780,"Sunny, Large, Completly Private Room!",10390068399,unconfirmed,Marina,Brooklyn,Bushwick,40.68891,-73.91359,United States,US,True,flexible,Private room,2022,$956 ,$191 ,5,2,12/24/2020,0.13,4,1,0,,
37608332,COZY ONE BEDROOM APARTMENT IN MANHATTAN,47958918564,verified,Di,Manhattan,Upper East Side,40.77652,-73.96186999999999,United States,US,True,strict,Entire home/apt,2015,$587 ,$117 ,30,161,12/23/2020,3.53,2,1,250,,
37608885,"Staypineapple New York, Terrace King",46233281414,unconfirmed,An Artful Hotel,Manhattan,Hell's Kitchen,40.75436,-73.99391,United States,US,False,flexible,Private room,2003,$144 ,$29 ,1,1,12/23/2020,0.07,2,18,95,,
37609437,"Private Lux Condo, w/ A Great 7th Story View",75394780350,unconfirmed,Kimberly,Queens,Jamaica,40.70811,-73.79997,United States,US,False,moderate,Entire home/apt,2008,$788 ,$158 ,2,39,12/22/2020,0.57,5,2,0,,
37609989,Giant Sunny Urban Jungle 1-BR In East Village,42254005558,unconfirmed,Casey,Manhattan,East Village,40.723690000000005,-73.9853,United States,US,True,strict,Entire home/apt,2004,$649 ,$130 ,30,17,12/22/2020,0.38,3,1,0,,
37610542,Cozy Nest in the heart of Williamsburg Brooklyn,61357202277,unconfirmed,Noriko,Brooklyn,Williamsburg,40.71206,-73.95125,United States,US,True,flexible,Entire home/apt,2018,$959 ,$192 ,2,89,12/22/2020,2.15,2,1,0,,
37611094,"Sunny, charming 1BR in East Village",44313722256,unconfirmed,Daniel,Manhattan,East Village,40.72857,-73.98456,United States,US,True,strict,Entire home/apt,2016,$402 ,$80 ,30,3,12/21/2020,0.1,2,1,247,,
37611646,Charming Private Flat,60304843887,unconfirmed,Nicky,Brooklyn,Midwood,40.61785,-73.95430999999999,United States,US,True,strict,Entire home/apt,2015,$789 ,$158 ,1,97,12/21/2020,1.39,3,1,1,,
37612198,"1,600sq ft modern duplex in new harlem brownstone",75053861149,verified,Harlem,Manhattan,East Harlem,40.80723,-73.94003000000001,United States,US,True,strict,Entire home/apt,2012,"$1,066 ",$213 ,2,95,12/21/2020,1.7,4,1,0,,
37612751,Premier East 62nd Street 5 min to Central Park.,10814800311,verified,Lia,Manhattan,Upper East Side,40.76417,-73.96743000000001,United States,US,True,moderate,Entire home/apt,2016,$274 ,$55 ,30,4,12/21/2020,0.09,3,6,34,,
37613303,Williamsburg Brooklyn NY Entire Condo Waterfront,50030580987,verified,Yong Hee,Brooklyn,Williamsburg,40.71975,-73.96288,United States,US,False,flexible,Entire home/apt,2014,"$1,193 ",$239 ,1,2,12/21/2020,0.13,3,1,0,,
37613855,Contemporary. Spacious Apartment. Close to Ferry.,21531334051,verified,Paul,Staten Island,St. George,40.6456,-74.08069,United States,US,False,strict,Entire home/apt,2022,$670 ,$134 ,2,82,12/20/2020,1.37,4,1,0,,
37614408,Quiet Studio in Midtown manhattan,55235898124,unconfirmed,Stanley,Manhattan,Murray Hill,40.74848,-73.97757,United States,US,False,moderate,Entire home/apt,2007,$226 ,$45 ,30,3,12/20/2020,0.06,5,83,364,,
37614960,Sunny Private bedroom in prime Greenpoint,11790655500,unconfirmed,Colleen,Brooklyn,Greenpoint,40.725390000000004,-73.95155,United States,US,False,moderate,Private room,2010,$670 ,$134 ,12,2,12/20/2020,0.05,5,1,0,,
37615512,30day min High flr apt in the center of Manhattan,89451236290,verified,Edit & Monika,Manhattan,Theater District,40.7613,-73.98076999999999,United States,US,False,moderate,Entire home/apt,2019,"$1,126 ",$225 ,30,6,12/20/2020,0.21,3,1,154,,
37616065,Gorgeous Apartment in Financial District,94243659072,unconfirmed,George,Manhattan,Financial District,40.70619,-74.01021999999999,United States,US,False,flexible,Entire home/apt,2005,"$1,046 ",$209 ,4,19,12/20/2020,0.75,2,1,0,,
37616617,145 Mulberry-Newly Renovated Studio,70987890308,unconfirmed,Jeniffer,Manhattan,Little Italy,40.718990000000005,-73.99773,United States,US,True,flexible,Entire home/apt,2007,$290 ,$58 ,30,4,12/19/2020,0.06,4,186,279,,
37617169,Splendid 1 bedroom suite in midtown Manhattan,94210486606,unconfirmed,Stanley,Manhattan,Murray Hill,40.74838,-73.97574,United States,US,False,strict,Entire home/apt,2008,$957 ,$191 ,30,3,12/19/2020,0.07,2,83,364,,
37617721,Woodside cozy one bedroom,55577248466,unconfirmed,Cyril,Queens,Woodside,40.75565,-73.90706,United States,US,False,moderate,Entire home/apt,2016,$571 ,$114 ,30,3,12/19/2020,0.2,3,1,128,,
37618274,Comfy New  Room in Amazing Apartment,9165504006,verified,Kristina,Brooklyn,Bedford-Stuyvesant,40.68877,-73.94386999999999,United States,US,True,flexible,Private room,2011,$781 ,$156 ,30,1,12/19/2020,0.07,2,13,345,,
